{"cameraMode":{"drawMode":0,"name":"Shaded","section":"Shading Mode"},"sceneLighting":false,"audioPlay":false,"sceneViewState":{"showFog":true,"showMaterialUpdate":false,"showSkybox":false,"showFlares":true,"showImageEffects":true,"showParticleSystems":true},"in2DMode":false,"pivot":{"x":73.90799713134766,"y":-17.268600463867189,"z":1.377000093460083},"rotation":{"x":0.026922838762402536,"y":0.07400739192962647,"z":-0.0019992536399513485,"w":0.9968942999839783},"size":0.30311018228530886,"orthographic":true}