{"cameraMode":{"drawMode":0,"name":"Shaded","section":"Shading Mode"},"sceneLighting":true,"audioPlay":false,"sceneViewState":{"showFog":true,"showMaterialUpdate":false,"showSkybox":true,"showFlares":true,"showImageEffects":true,"showParticleSystems":true},"in2DMode":false,"pivot":{"x":2.4145348072052,"y":0.3932558298110962,"z":7.7731122970581059},"rotation":{"x":0.022453483194112779,"y":0.9770796298980713,"z":-0.1642039269208908,"w":0.13360679149627686},"size":1.8155543804168702,"orthographic":false}