{"cameraMode":{"drawMode":0,"name":"Shaded","section":"Shading Mode"},"sceneLighting":false,"audioPlay":false,"sceneViewState":{"showFog":true,"showMaterialUpdate":false,"showSkybox":false,"showFlares":true,"showImageEffects":true,"showParticleSystems":true},"in2DMode":false,"pivot":{"x":-8.407958984375,"y":0.271728515625,"z":54.13720703125},"rotation":{"x":0.09322239458560944,"y":-0.15408265590667725,"z":0.014604365453124047,"w":0.9835423827171326},"size":2.676337480545044,"orthographic":true}