{"cameraMode":{"drawMode":0,"name":"Shaded","section":"Shading Mode"},"sceneLighting":false,"audioPlay":false,"sceneViewState":{"showFog":true,"showMaterialUpdate":false,"showSkybox":true,"showFlares":true,"showImageEffects":true,"showParticleSystems":true},"in2DMode":false,"pivot":{"x":20.677248001098634,"y":4.5276570320129398,"z":14.97065544128418},"rotation":{"x":-0.011403684504330159,"y":0.9316842555999756,"z":-0.02935776114463806,"w":-0.3619021475315094},"size":8.729047775268555,"orthographic":false}