{"cameraMode":{"drawMode":0,"name":"Shaded","section":"Shading Mode"},"sceneLighting":false,"audioPlay":false,"sceneViewState":{"showFog":true,"showMaterialUpdate":false,"showSkybox":false,"showFlares":true,"showImageEffects":true,"showParticleSystems":true},"in2DMode":false,"pivot":{"x":0.0025377273559570314,"y":1.316122055053711,"z":0.041941240429878238},"rotation":{"x":0.08764708787202835,"y":0.8896270990371704,"z":-0.40466633439064028,"w":0.1926850825548172},"size":1.5061190128326417,"orthographic":false}