{"cameraMode":{"drawMode":0,"name":"Shaded","section":"Shading Mode"},"sceneLighting":false,"audioPlay":false,"sceneViewState":{"showFog":true,"showMaterialUpdate":false,"showSkybox":false,"showFlares":true,"showImageEffects":true,"showParticleSystems":true},"in2DMode":false,"pivot":{"x":0.01977550983428955,"y":-0.004574894905090332,"z":0.014804363250732422},"rotation":{"x":0.12586036324501038,"y":-0.6860392093658447,"z":0.12228714674711228,"w":0.7060845494270325},"size":2.3165171146392824,"orthographic":true}