{"cameraMode":{"drawMode":0,"name":"Shaded","section":"Shading Mode"},"sceneLighting":false,"audioPlay":false,"sceneViewState":{"showFog":true,"showMaterialUpdate":false,"showSkybox":false,"showFlares":true,"showImageEffects":true,"showParticleSystems":true},"in2DMode":false,"pivot":{"x":0.8756103515625,"y":0.269775390625,"z":0.608642578125},"rotation":{"x":-0.06443676352500916,"y":0.8751075267791748,"z":-0.12153728306293488,"w":-0.46396610140800478},"size":0.9077528119087219,"orthographic":true}