{"cameraMode":{"drawMode":0,"name":"Shaded","section":"Shading Mode"},"sceneLighting":false,"audioPlay":false,"sceneViewState":{"showFog":true,"showMaterialUpdate":false,"showSkybox":false,"showFlares":true,"showImageEffects":true,"showParticleSystems":true},"in2DMode":false,"pivot":{"x":73.90880584716797,"y":-17.270565032958986,"z":0.9416249394416809},"rotation":{"x":0.18420252203941346,"y":0.29557308554649355,"z":-0.058193519711494449,"w":0.9355853796005249},"size":0.5885202884674072,"orthographic":true}