{"cameraMode":{"drawMode":0,"name":"Shaded","section":"Shading Mode"},"sceneLighting":false,"audioPlay":false,"sceneViewState":{"showFog":true,"showMaterialUpdate":false,"showSkybox":false,"showFlares":true,"showImageEffects":true,"showParticleSystems":true},"in2DMode":false,"pivot":{"x":0.297760009765625,"y":-0.150634765625,"z":-0.409423828125},"rotation":{"x":0.016497600823640825,"y":0.014099190011620522,"z":-0.00023303191119339317,"w":0.9997674226760864},"size":0.9537476897239685,"orthographic":true}