{"cameraMode":{"drawMode":0,"name":"Shaded","section":"Shading Mode"},"sceneLighting":false,"audioPlay":false,"sceneViewState":{"showFog":true,"showMaterialUpdate":false,"showSkybox":false,"showFlares":true,"showImageEffects":true,"showParticleSystems":true},"in2DMode":false,"pivot":{"x":0.0,"y":-6.234107971191406,"z":9.500335693359375},"rotation":{"x":0.21811453998088838,"y":-0.011710837483406067,"z":0.0026173912920057775,"w":0.9758496284484863},"size":169.92715454101563,"orthographic":true}