{"cameraMode":{"drawMode":0,"name":"Shaded","section":"Shading Mode"},"sceneLighting":false,"audioPlay":false,"sceneViewState":{"showFog":true,"showMaterialUpdate":false,"showSkybox":false,"showFlares":true,"showImageEffects":true,"showParticleSystems":true},"in2DMode":false,"pivot":{"x":0.0,"y":-0.04429999738931656,"z":-0.3815000057220459},"rotation":{"x":-0.09820757806301117,"y":0.2627526819705963,"z":-0.026893125846982003,"w":-0.9594793319702148},"size":0.6232252717018127,"orthographic":true}