{"cameraMode":{"drawMode":0,"name":"Shaded","section":"Shading Mode"},"sceneLighting":false,"audioPlay":false,"sceneViewState":{"showFog":true,"showMaterialUpdate":false,"showSkybox":false,"showFlares":true,"showImageEffects":true,"showParticleSystems":true},"in2DMode":false,"pivot":{"x":59.5692138671875,"y":-5.611083984375,"z":43.7548828125},"rotation":{"x":0.023220648989081384,"y":0.9754020571708679,"z":-0.12652944028377534,"w":0.17900538444519044},"size":2.17516827583313,"orthographic":true}