{"cameraMode":{"drawMode":0,"name":"Shaded","section":"Shading Mode"},"sceneLighting":false,"audioPlay":false,"sceneViewState":{"showFog":true,"showMaterialUpdate":false,"showSkybox":false,"showFlares":true,"showImageEffects":true,"showParticleSystems":true},"in2DMode":false,"pivot":{"x":-0.0047933608293533329,"y":0.05188411474227905,"z":0.028491497039794923},"rotation":{"x":0.08958971500396729,"y":0.8465198874473572,"z":-0.15089251101016999,"w":0.5026038885116577},"size":0.42951759696006777,"orthographic":false}