{"cameraMode":{"drawMode":0,"name":"Shaded","section":"Shading Mode"},"sceneLighting":false,"audioPlay":false,"sceneViewState":{"showFog":true,"showMaterialUpdate":false,"showSkybox":false,"showFlares":true,"showImageEffects":true,"showParticleSystems":true},"in2DMode":false,"pivot":{"x":-8.4462890625,"y":0.3828125,"z":50.7388916015625},"rotation":{"x":-0.12551714479923249,"y":0.8739491105079651,"z":-0.34795042872428896,"w":-0.31526193022727969},"size":2.2605819702148439,"orthographic":true}