{"cameraMode":{"drawMode":0,"name":"Shaded","section":"Shading Mode"},"sceneLighting":false,"audioPlay":false,"sceneViewState":{"showFog":true,"showMaterialUpdate":false,"showSkybox":false,"showFlares":true,"showImageEffects":true,"showParticleSystems":true},"in2DMode":false,"pivot":{"x":-9.72705078125,"y":-0.3853759765625,"z":51.3818359375},"rotation":{"x":0.16089695692062379,"y":-0.7398148775100708,"z":0.1904824823141098,"w":0.6249074935913086},"size":3.45414400100708,"orthographic":true}