{"cameraMode":{"drawMode":0,"name":"Shaded","section":"Shading Mode"},"sceneLighting":false,"audioPlay":false,"sceneViewState":{"showFog":true,"showMaterialUpdate":false,"showSkybox":false,"showFlares":true,"showImageEffects":true,"showParticleSystems":true},"in2DMode":false,"pivot":{"x":3.10888671875,"y":4.588623046875,"z":2.37060546875},"rotation":{"x":-0.3402113616466522,"y":0.2790457308292389,"z":-0.10646972805261612,"w":-0.8916583061218262},"size":2.4241225719451906,"orthographic":true}