{"cameraMode":{"drawMode":0,"name":"Shaded","section":"Shading Mode"},"sceneLighting":false,"audioPlay":false,"sceneViewState":{"showFog":true,"showMaterialUpdate":false,"showSkybox":false,"showFlares":true,"showImageEffects":true,"showParticleSystems":true},"in2DMode":false,"pivot":{"x":1.0395355224609376,"y":7.636240005493164,"z":0.0},"rotation":{"x":0.2413552850484848,"y":0.03201736882328987,"z":-0.007967779412865639,"w":0.9698759317398071},"size":338.975830078125,"orthographic":true}