{"cameraMode":{"drawMode":0,"name":"Shaded","section":"Shading Mode"},"sceneLighting":false,"audioPlay":false,"sceneViewState":{"showFog":true,"showMaterialUpdate":false,"showSkybox":false,"showFlares":true,"showImageEffects":true,"showParticleSystems":true},"in2DMode":false,"pivot":{"x":2.768157958984375,"y":-63.53544616699219,"z":-55.333740234375},"rotation":{"x":0.34749096632003786,"y":0.004219371359795332,"z":-0.0015638633631169797,"w":0.9376729130744934},"size":505.0539855957031,"orthographic":true}