{"cameraMode":{"drawMode":0,"name":"Shaded","section":"Shading Mode"},"sceneLighting":false,"audioPlay":false,"sceneViewState":{"showFog":true,"showMaterialUpdate":false,"showSkybox":false,"showFlares":true,"showImageEffects":true,"showParticleSystems":true},"in2DMode":false,"pivot":{"x":0.795654296875,"y":0.40570068359375,"z":-0.029327392578125},"rotation":{"x":0.19363123178482057,"y":-0.1255822330713272,"z":0.024999305605888368,"w":0.9726852774620056},"size":0.8733753561973572,"orthographic":true}