{"cameraMode":{"drawMode":0,"name":"Shaded","section":"Shading Mode"},"sceneLighting":false,"audioPlay":false,"sceneViewState":{"showFog":true,"showMaterialUpdate":false,"showSkybox":false,"showFlares":true,"showImageEffects":true,"showParticleSystems":true},"in2DMode":false,"pivot":{"x":3.5762786865234377e-7,"y":-5.960464477539063e-8,"z":-1.1920928955078126e-7},"rotation":{"x":0.43287333846092226,"y":0.5621121525764465,"z":-0.4457935392856598,"w":0.5458208322525024},"size":1.154229760169983,"orthographic":false}