{"cameraMode":{"drawMode":0,"name":"Shaded","section":"Shading Mode"},"sceneLighting":true,"audioPlay":false,"sceneViewState":{"showFog":true,"showMaterialUpdate":false,"showSkybox":true,"showFlares":true,"showImageEffects":true,"showParticleSystems":true},"in2DMode":false,"pivot":{"x":17.766958236694337,"y":-3.347015380859375,"z":5.273916721343994},"rotation":{"x":0.5333467125892639,"y":0.46649783849716189,"z":-0.49003544449806216,"w":0.5077291131019592},"size":56.511661529541019,"orthographic":false}