{"cameraMode":{"drawMode":0,"name":"Shaded","section":"Shading Mode"},"sceneLighting":true,"audioPlay":false,"sceneViewState":{"showFog":true,"showMaterialUpdate":false,"showSkybox":true,"showFlares":true,"showImageEffects":true,"showParticleSystems":true},"in2DMode":false,"pivot":{"x":112.2403564453125,"y":6.4953765869140629,"z":-17.227306365966798},"rotation":{"x":0.27541252970695498,"y":-0.680982768535614,"z":0.31099405884742739,"w":0.603071391582489},"size":129.79302978515626,"orthographic":false}