{"cameraMode":{"drawMode":0,"name":"Shaded","section":"Shading Mode"},"sceneLighting":false,"audioPlay":false,"sceneViewState":{"showFog":true,"showMaterialUpdate":false,"showSkybox":false,"showFlares":true,"showImageEffects":true,"showParticleSystems":true},"in2DMode":false,"pivot":{"x":-0.0126953125,"y":-0.3898974061012268,"z":0.6498281955718994},"rotation":{"x":0.41527801752090456,"y":-0.3592054843902588,"z":0.18291622400283814,"w":0.8155103325843811},"size":1.262243628501892,"orthographic":true}