{"cameraMode":{"drawMode":0,"name":"Shaded","section":"Shading Mode"},"sceneLighting":false,"audioPlay":false,"sceneViewState":{"showFog":true,"showMaterialUpdate":false,"showSkybox":false,"showFlares":true,"showImageEffects":true,"showParticleSystems":true},"in2DMode":false,"pivot":{"x":0.0,"y":11.113783836364746,"z":18.111099243164064},"rotation":{"x":0.19998790323734284,"y":0.07194221019744873,"z":-0.014725916087627411,"w":0.977043628692627},"size":86.27192687988281,"orthographic":true}