{"cameraMode":{"drawMode":0,"name":"Shaded","section":"Shading Mode"},"sceneLighting":false,"audioPlay":false,"sceneViewState":{"showFog":true,"showMaterialUpdate":false,"showSkybox":false,"showFlares":true,"showImageEffects":true,"showParticleSystems":true},"in2DMode":false,"pivot":{"x":-0.8473197221755981,"y":-0.10753190517425537,"z":0.14487075805664063},"rotation":{"x":0.09812521189451218,"y":0.31127476692199709,"z":0.0323357880115509,"w":-0.9446910619735718},"size":1.2457703351974488,"orthographic":false}