{"cameraMode":{"drawMode":0,"name":"Shaded","section":"Shading Mode"},"sceneLighting":false,"audioPlay":false,"sceneViewState":{"showFog":true,"showMaterialUpdate":false,"showSkybox":false,"showFlares":true,"showImageEffects":true,"showParticleSystems":true},"in2DMode":false,"pivot":{"x":72.93022918701172,"y":-17.377685546875,"z":1.1882034540176392},"rotation":{"x":-0.0747075304389,"y":-0.170569509267807,"z":0.012970679439604283,"w":-0.9824243783950806},"size":1.7399756908416749,"orthographic":true}