{"cameraMode":{"drawMode":0,"name":"Shaded","section":"Shading Mode"},"sceneLighting":false,"audioPlay":false,"sceneViewState":{"showFog":true,"showMaterialUpdate":false,"showSkybox":false,"showFlares":true,"showImageEffects":true,"showParticleSystems":true},"in2DMode":false,"pivot":{"x":-0.0126953125,"y":-0.3898974061012268,"z":0.6498281955718994},"rotation":{"x":0.09132610261440277,"y":-0.3805331587791443,"z":0.037796296179294589,"w":0.9194706678390503},"size":1.262243628501892,"orthographic":true}