{"cameraMode":{"drawMode":0,"name":"Shaded","section":"Shading Mode"},"sceneLighting":false,"audioPlay":false,"sceneViewState":{"showFog":true,"showMaterialUpdate":false,"showSkybox":false,"showFlares":true,"showImageEffects":true,"showParticleSystems":true},"in2DMode":false,"pivot":{"x":0.00006103515625,"y":-2.1703710556030275,"z":-0.0000457763671875},"rotation":{"x":0.31295323371887209,"y":0.1065497100353241,"z":-0.03535668924450874,"w":0.9431110620498657},"size":250.4062957763672,"orthographic":true}