{"cameraMode":{"drawMode":0,"name":"Shaded","section":"Shading Mode"},"sceneLighting":false,"audioPlay":false,"sceneViewState":{"showFog":true,"showMaterialUpdate":false,"showSkybox":false,"showFlares":true,"showImageEffects":true,"showParticleSystems":true},"in2DMode":false,"pivot":{"x":73.580078125,"y":-16.92885971069336,"z":2.0845556259155275},"rotation":{"x":0.17506355047225953,"y":-0.8249219059944153,"z":0.3773287534713745,"w":0.38272660970687868},"size":1.6217447519302369,"orthographic":true}