{"cameraMode":{"drawMode":0,"name":"Shaded","section":"Shading Mode"},"sceneLighting":true,"audioPlay":false,"sceneViewState":{"showFog":true,"showMaterialUpdate":false,"showSkybox":true,"showFlares":true,"showImageEffects":true,"showParticleSystems":true},"in2DMode":false,"pivot":{"x":-3.6438345909118654,"y":2.076172351837158,"z":50.01979446411133},"rotation":{"x":0.415516197681427,"y":-0.16095088422298432,"z":0.07496752589941025,"w":0.8920884132385254},"size":2.9921340942382814,"orthographic":false}